{
  "TIME": [
    0.005,
    0.01,
    0.015,
    0.02,
    0.025,
    0.030000000000000002,
    0.035,
    0.04,
    0.045,
    0.049999999999999996,
    0.05499999999999999,
    0.05999999999999999,
    0.06499999999999999,
    0.06999999999999999,
    0.075,
    0.08,
    0.085,
    0.09000000000000001,
    0.09500000000000001,
    0.1
  ],
  "NODE_313": {
    "COORDINATES": [
      4.0,
      14.77,
      25.0
    ],
    "DISPLACEMENT_X": [
      -2.3077139000724975e-05,
      -2.307713900561907e-05,
      -2.3077139005619142e-05,
      -2.3077139005619135e-05,
      -2.307713900561914e-05,
      -2.3077139005619135e-05,
      -2.3077139005619135e-05,
      -2.3077139005619135e-05,
      -2.3077139005619142e-05,
      -2.307713900561914e-05,
      -2.307713900561913e-05,
      -2.307713900561914e-05,
      -2.307713900561914e-05,
      -2.3077139005619135e-05,
      -2.3077139005619135e-05,
      -2.3077139005619135e-05,
      -2.307713900561913e-05,
      -2.3077139005619135e-05,
      -2.3077139005619142e-05,
      -2.3077139005619135e-05
    ],
    "DISPLACEMENT_Y": [
      -0.00011973359223146203,
      -0.00011973359223817098,
      -0.00011973359223817084,
      -0.00011973359223817083,
      -0.00011973359223817084,
      -0.00011973359223817083,
      -0.00011973359223817082,
      -0.00011973359223817082,
      -0.00011973359223817084,
      -0.00011973359223817083,
      -0.00011973359223817082,
      -0.00011973359223817084,
      -0.00011973359223817083,
      -0.00011973359223817083,
      -0.00011973359223817083,
      -0.00011973359223817084,
      -0.00011973359223817082,
      -0.00011973359223817083,
      -0.00011973359223817084,
      -0.00011973359223817083
    ],
    "DISPLACEMENT_Z": [
      5.90617986158984e-06,
      5.906179857179722e-06,
      5.906179857179759e-06,
      5.9061798571797535e-06,
      5.9061798571797535e-06,
      5.906179857179755e-06,
      5.906179857179757e-06,
      5.906179857179755e-06,
      5.9061798571797535e-06,
      5.906179857179755e-06,
      5.906179857179758e-06,
      5.906179857179754e-06,
      5.906179857179757e-06,
      5.906179857179759e-06,
      5.906179857179754e-06,
      5.906179857179756e-06,
      5.906179857179756e-06,
      5.906179857179756e-06,
      5.9061798571797594e-06,
      5.906179857179758e-06
    ],
    "VELOCITY_X": [
      0.0,
      0.0,
      0.0,
      0.0,
      0.0,
      0.0,
      0.0,
      0.0,
      0.0,
      0.0,
      0.0,
      0.0,
      0.0,
      0.0,
      0.0,
      0.0,
      0.0,
      0.0,
      0.0,
      0.0
    ],
    "VELOCITY_Y": [
      0.0,
      0.0,
      0.0,
      0.0,
      0.0,
      0.0,
      0.0,
      0.0,
      0.0,
      0.0,
      0.0,
      0.0,
      0.0,
      0.0,
      0.0,
      0.0,
      0.0,
      0.0,
      0.0,
      0.0
    ],
    "VELOCITY_Z": [
      0.0,
      0.0,
      0.0,
      0.0,
      0.0,
      0.0,
      0.0,
      0.0,
      0.0,
      0.0,
      0.0,
      0.0,
      0.0,
      0.0,
      0.0,
      0.0,
      0.0,
      0.0,
      0.0,
      0.0
    ],
    "ACCELERATION_X": [
      0.0,
      0.0,
      0.0,
      0.0,
      0.0,
      0.0,
      0.0,
      0.0,
      0.0,
      0.0,
      0.0,
      0.0,
      0.0,
      0.0,
      0.0,
      0.0,
      0.0,
      0.0,
      0.0,
      0.0
    ],
    "ACCELERATION_Y": [
      0.0,
      0.0,
      0.0,
      0.0,
      0.0,
      0.0,
      0.0,
      0.0,
      0.0,
      0.0,
      0.0,
      0.0,
      0.0,
      0.0,
      0.0,
      0.0,
      0.0,
      0.0,
      0.0,
      0.0
    ],
    "ACCELERATION_Z": [
      0.0,
      0.0,
      0.0,
      0.0,
      0.0,
      0.0,
      0.0,
      0.0,
      0.0,
      0.0,
      0.0,
      0.0,
      0.0,
      0.0,
      0.0,
      0.0,
      0.0,
      0.0,
      0.0,
      0.0
    ]
  },
  "NODE_314": {
    "COORDINATES": [
      8.0,
      14.77,
      25.0
    ],
    "DISPLACEMENT_X": [
      -9.624263124092101e-06,
      -9.624263125659585e-06,
      -9.624263125659736e-06,
      -9.624263125659737e-06,
      -9.624263125659737e-06,
      -9.624263125659736e-06,
      -9.624263125659736e-06,
      -9.624263125659736e-06,
      -9.624263125659737e-06,
      -9.624263125659737e-06,
      -9.624263125659736e-06,
      -9.624263125659737e-06,
      -9.624263125659737e-06,
      -9.624263125659736e-06,
      -9.624263125659736e-06,
      -9.624263125659736e-06,
      -9.624263125659736e-06,
      -9.624263125659736e-06,
      -9.624263125659737e-06,
      -9.624263125659737e-06
    ],
    "DISPLACEMENT_Y": [
      -3.5009058437296604e-05,
      -3.5009058434485356e-05,
      -3.5009058434485166e-05,
      -3.5009058434485166e-05,
      -3.5009058434485166e-05,
      -3.5009058434485166e-05,
      -3.5009058434485166e-05,
      -3.500905843448516e-05,
      -3.5009058434485166e-05,
      -3.5009058434485166e-05,
      -3.500905843448516e-05,
      -3.5009058434485166e-05,
      -3.5009058434485166e-05,
      -3.5009058434485166e-05,
      -3.5009058434485166e-05,
      -3.5009058434485166e-05,
      -3.5009058434485166e-05,
      -3.5009058434485166e-05,
      -3.5009058434485166e-05,
      -3.5009058434485166e-05
    ],
    "DISPLACEMENT_Z": [
      2.44089108692372e-06,
      2.4408910842251465e-06,
      2.4408910842251736e-06,
      2.4408910842251728e-06,
      2.4408910842251715e-06,
      2.440891084225172e-06,
      2.4408910842251723e-06,
      2.4408910842251723e-06,
      2.440891084225171e-06,
      2.4408910842251728e-06,
      2.440891084225173e-06,
      2.4408910842251728e-06,
      2.440891084225172e-06,
      2.440891084225173e-06,
      2.4408910842251728e-06,
      2.440891084225172e-06,
      2.440891084225173e-06,
      2.4408910842251723e-06,
      2.4408910842251736e-06,
      2.440891084225173e-06
    ],
    "VELOCITY_X": [
      0.0,
      0.0,
      0.0,
      0.0,
      0.0,
      0.0,
      0.0,
      0.0,
      0.0,
      0.0,
      0.0,
      0.0,
      0.0,
      0.0,
      0.0,
      0.0,
      0.0,
      0.0,
      0.0,
      0.0
    ],
    "VELOCITY_Y": [
      0.0,
      0.0,
      0.0,
      0.0,
      0.0,
      0.0,
      0.0,
      0.0,
      0.0,
      0.0,
      0.0,
      0.0,
      0.0,
      0.0,
      0.0,
      0.0,
      0.0,
      0.0,
      0.0,
      0.0
    ],
    "VELOCITY_Z": [
      0.0,
      0.0,
      0.0,
      0.0,
      0.0,
      0.0,
      0.0,
      0.0,
      0.0,
      0.0,
      0.0,
      0.0,
      0.0,
      0.0,
      0.0,
      0.0,
      0.0,
      0.0,
      0.0,
      0.0
    ],
    "ACCELERATION_X": [
      0.0,
      0.0,
      0.0,
      0.0,
      0.0,
      0.0,
      0.0,
      0.0,
      0.0,
      0.0,
      0.0,
      0.0,
      0.0,
      0.0,
      0.0,
      0.0,
      0.0,
      0.0,
      0.0,
      0.0
    ],
    "ACCELERATION_Y": [
      0.0,
      0.0,
      0.0,
      0.0,
      0.0,
      0.0,
      0.0,
      0.0,
      0.0,
      0.0,
      0.0,
      0.0,
      0.0,
      0.0,
      0.0,
      0.0,
      0.0,
      0.0,
      0.0,
      0.0
    ],
    "ACCELERATION_Z": [
      0.0,
      0.0,
      0.0,
      0.0,
      0.0,
      0.0,
      0.0,
      0.0,
      0.0,
      0.0,
      0.0,
      0.0,
      0.0,
      0.0,
      0.0,
      0.0,
      0.0,
      0.0,
      0.0,
      0.0
    ]
  },
  "NODE_316": {
    "COORDINATES": [
      2.2,
      14.77,
      25.0
    ],
    "DISPLACEMENT_X": [
      0.0,
      0.0,
      0.0,
      0.0,
      0.0,
      0.0,
      0.0,
      0.0,
      0.0,
      0.0,
      0.0,
      0.0,
      0.0,
      0.0,
      0.0,
      0.0,
      0.0,
      0.0,
      0.0,
      0.0
    ],