{
  "TIME": [
    0.10500000000000001,
    0.11000000000000001
  ],
  "NODE_231": {
    "DISPLACEMENT_X": [
      -1.4755321878273233e-05,
      1.6242344298857622e-06
    ],
    "DISPLACEMENT_Y": [
      -0.00013393407204230116,
      -8.209356407433518e-05
    ],
    "DISPLACEMENT_Z": [
      -4.4443145433829796e-05,
      -3.161877897098476e-05
    ],
    "VELOCITY_X": [
      0.019645936679081776,
      -0.005927172461183168
    ],
    "VELOCITY_Y": [
      0.006448286577074693,
      0.00778949196372665
    ],
    "VELOCITY_Z": [
      0.0031730346383210765,
      0.004485284750425668
    ],
    "ACCELERATION_X": [
      5.751612780197739,
      -0.8095070887425138
    ],
    "ACCELERATION_Y": [
      3.692246468220385,
      -7.5923760473699025
    ],
    "ACCELERATION_Z": [
      1.1433465504878892,
      0.3443640233614387
    ]
  },
  "NODE_232": {
    "DISPLACEMENT_X": [
      -3.277120284279825e-05,
      -2.8202550757411596e-05
    ],
    "DISPLACEMENT_Y": [
      -8.500648886437654e-05,
      -0.00010012286433125277
    ],
    "DISPLACEMENT_Z": [
      -2.806712053218952e-05,
      -3.452543496151281e-05
    ],
    "VELOCITY_X": [
      -1.074836487811176e-05,
      0.0127076786517887
    ],
    "VELOCITY_Y": [
      0.0017189359436900037,
      -0.004219602342440825
    ],
    "VELOCITY_Z": [
      0.0004917687255164538,
      0.002017622986026416
    ],
    "ACCELERATION_X": [
      -0.9303432418396074,
      6.426632537208503
    ],
    "ACCELERATION_Y": [
      1.0842227946685874,
      4.245195031347614
    ],
    "ACCELERATION_Z": [
      0.16489450893062013,
      5.409525928413263
    ]
  },
  "NODE_233": {
    "DISPLACEMENT_X": [
      -1.878388903345927e-05,
      -1.8588520497259722e-05
    ],
    "DISPLACEMENT_Y": [
      -2.6467055600976872e-05,
      -2.6326674806159175e-05
    ],
    "DISPLACEMENT_Z": [
      -9.200721330337768e-06,
      -9.18116798435446e-06
    ],
    "VELOCITY_X": [
      9.221785817113657e-06,
      6.057247010894323e-06
    ],
    "VELOCITY_Y": [
      -1.4059866728223794e-05,
      0.0001432313412056889
    ],
    "VELOCITY_Z": [
      -4.205840203699815e-06,
      4.236833770855588e-06
    ],
    "ACCELERATION_X": [
      0.022130253769568994,
      -0.10877684940370232
    ],
    "ACCELERATION_Y": [
      -0.003299987840220068,
      0.0498357139065672
    ],
    "ACCELERATION_Z": [
      -0.0005055427149443575,
      -0.01759613891843546
    ]
  }
}