{
  "TIME": [
    0.005,
    0.01,
    0.015,
    0.02,
    0.025,
    0.030000000000000002,
    0.035,
    0.04,
    0.045,
    0.049999999999999996,
    0.05499999999999999,
    0.05999999999999999
  ],
  "NODE_231": {
    "DISPLACEMENT_X": [
      -3.819874770730128e-05,
      -3.819874768998645e-05,
      -3.8198747689994414e-05,
      -3.819874768999443e-05,
      -3.8198747689994434e-05,
      -3.819874768999442e-05,
      -3.8198747689994434e-05,
      -3.8198747689994414e-05,
      -3.8198747689994414e-05,
      -3.819874768999443e-05,
      -3.8198747689994414e-05,
      -3.819874768999442e-05
    ],
    "DISPLACEMENT_Y": [
      -0.00013512800653541518,
      -0.00013512800689308182,
      -0.00013512800689308358,
      -0.0001351280068930836,
      -0.00013512800689308364,
      -0.00013512800689308358,
      -0.00013512800689308364,
      -0.00013512800689308358,
      -0.00013512800689308358,
      -0.0001351280068930836,
      -0.00013512800689308358,
      -0.00013512800689308358
    ],
    "DISPLACEMENT_Z": [
      -5.255562268208155e-05,
      -5.255562275917506e-05,
      -5.255562275918094e-05,
      -5.255562275918094e-05,
      -5.2555622759180956e-05,
      -5.255562275918094e-05,
      -5.255562275918094e-05,
      -5.255562275918094e-05,
      -5.255562275918094e-05,
      -5.255562275918094e-05,
      -5.255562275918094e-05,
      -5.255562275918094e-05
    ],
    "VELOCITY_X": [
      0.0,
      0.0,
      0.0,
      0.0,
      0.0,
      0.0,
      0.0,
      0.0,
      0.0,
      0.0,
      0.0,
      0.0
    ],
    "VELOCITY_Y": [
      0.0,
      0.0,
      0.0,
      0.0,
      0.0,
      0.0,
      0.0,
      0.0,
      0.0,
      0.0,
      0.0,
      0.0
    ],
    "VELOCITY_Z": [
      0.0,
      0.0,
      0.0,
      0.0,
      0.0,
      0.0,
      0.0,
      0.0,
      0.0,
      0.0,
      0.0,
      0.0
    ],
    "ACCELERATION_X": [
      0.0,
      0.0,
      0.0,
      0.0,
      0.0,
      0.0,
      0.0,
      0.0,
      0.0,
      0.0,
      0.0,
      0.0
    ],
    "ACCELERATION_Y": [
      0.0,
      0.0,
      0.0,
      0.0,
      0.0,
      0.0,
      0.0,
      0.0,
      0.0,
      0.0,
      0.0,
      0.0
    ],
    "ACCELERATION_Z": [
      0.0,
      0.0,
      0.0,
      0.0,
      0.0,
      0.0,
      0.0,
      0.0,
      0.0,
      0.0,
      0.0,
      0.0
    ]
  },
  "NODE_232": {
    "DISPLACEMENT_X": [
      -3.4386853000548395e-05,
      -3.4386852944523685e-05,
      -3.438685294453906e-05,
      -3.438685294453907e-05,
      -3.4386852944539074e-05,
      -3.438685294453906e-05,
      -3.438685294453907e-05,
      -3.438685294453907e-05,
      -3.438685294453906e-05,
      -3.438685294453907e-05,
      -3.438685294453907e-05,
      -3.438685294453906e-05
    ],
    "DISPLACEMENT_Y": [
      -8.326696668344865e-05,
      -8.32669669994879e-05,
      -8.326696699948821e-05,
      -8.326696699948823e-05,
      -8.326696699948824e-05,
      -8.326696699948821e-05,
      -8.326696699948823e-05,
      -8.326696699948821e-05,
      -8.326696699948823e-05,
      -8.326696699948823e-05,
      -8.326696699948821e-05,
      -8.326696699948821e-05
    ],
    "DISPLACEMENT_Z": [
      -3.0245886226105162e-05,
      -3.0245886250989933e-05,
      -3.0245886251000575e-05,
      -3.0245886251000578e-05,
      -3.0245886251000578e-05,
      -3.024588625100057e-05,
      -3.024588625100057e-05,
      -3.0245886251000575e-05,
      -3.0245886251000578e-05,
      -3.024588625100057e-05,
      -3.0245886251000575e-05,
      -3.024588625100057e-05
    ],
    "VELOCITY_X": [
      0.0,
      0.0,
      0.0,
      0.0,
      0.0,
      0.0,
      0.0,
      0.0,
      0.0,
      0.0,
      0.0,
      0.0
    ],
    "VELOCITY_Y": [
      0.0,
      0.0,
      0.0,
      0.0,
      0.0,
      0.0,
      0.0,
      0.0,
      0.0,
      0.0,
      0.0,
      0.0
    ],
    "VELOCITY_Z": [
      0.0,
      0.0,
      0.0,
      0.0,
      0.0,
      0.0,
      0.0,
      0.0,
      0.0,
      0.0,
      0.0,
      0.0
    ],
    "ACCELERATION_X": [
      0.0,
      0.0,
      0.0,
      0.0,
      0.0,
      0.0,
      0.0,
      0.0,
      0.0,
      0.0,
      0.0,
      0.0
    ],
    "ACCELERATION_Y": [
      0.0,
      0.0,
      0.0,
      0.0,
      0.0,
      0.0,
      0.0,
      0.0,
      0.0,
      0.0,
      0.0,
      0.0
    ],
    "ACCELERATION_Z": [
      0.0,
      0.0,
      0.0,
      0.0,
      0.0,
      0.0,
      0.0,
      0.0,
      0.0,
      0.0,
      0.0,
      0.0
    ]
  },
  "NODE_233": {
    "DISPLACEMENT_X": [
      -1.8700422786124324e-05,
      -1.8700422565446078e-05,
      -1.87004225654767e-05,
      -1.87004225654767e-05,
      -1.87004225654767e-05,
      -1.8700422565476697e-05,
      -1.87004225654767e-05,
      -1.8700422565476697e-05,
      -1.8700422565476697e-05,
      -1.8700422565476697e-05,
      -1.8700422565476697e-05,
      -1.8700422565476697e-05
    ],
    "DISPLACEMENT_Y": [
      -2.60194196386634e-05,
      -2.6019419999210127e-05,
      -2.601941999919412e-05,
      -2.6019419999194124e-05,
      -2.6019419999194124e-05,
      -2.601941999919412e-05,
      -2.6019419999194124e-05,
      -2.601941999919412e-05,
      -2.6019419999194124e-05,
      -2.601941999919412e-05,
      -2.6019419999194124e-05,
      -2.601941999919412e-05
    ],
    "DISPLACEMENT_Z": [
      -9.44636191242944e-06,
      -9.44636186649453e-06,
      -9.446361866513068e-06,
      -9.446361866513068e-06,
      -9.446361866513068e-06,
      -9.446361866513068e-06,
      -9.446361866513067e-06,
      -9.446361866513068e-06,
      -9.44636186651307e-06,
      -9.446361866513068e-06,
      -9.446361866513068e-06,
      -9.446361866513068e-06
    ],
    "VELOCITY_X": [
      0.0,
      0.0,
      0.0,
      0.0,
      0.0,
      0.0,
      0.0,
      0.0,
      0.0,
      0.0,
      0.0,
      0.0
    ],
    "VELOCITY_Y": [
      0.0,
      0.0,
      0.0,
      0.0,
      0.0,
      0.0,
      0.0,
      0.0,
      0.0,
      0.0,
      0.0,
      0.0
    ],
    "VELOCITY_Z": [
      0.0,
      0.0,
      0.0,
      0.0,
      0.0,
      0.0,
      0.0,
      0.0,
      0.0,
      0.0,
      0.0,
      0.0
    ],
    "ACCELERATION_X": [
      0.0,
      0.0,
      0.0,
      0.0,
      0.0,
      0.0,
      0.0,
      0.0,
      0.0,
      0.0,
      0.0,
      0.0
    ],
    "ACCELERATION_Y": [
      0.0,
      0.0,
      0.0,
      0.0,
      0.0,
      0.0,
      0.0,
      0.0,
      0.0,
      0.0,
      0.0,
      0.0
    ],
    "ACCELERATION_Z": [
      0.0,
      0.0,
      0.0,
      0.0,
      0.0,
      0.0,
      0.0,
      0.0,
      0.0,
      0.0,
      0.0,
      0.0
    ]
  }
}