{
  "TIME": [
    0.01,
    0.02,
    0.03,
    0.04,
    0.05,
    0.060000000000000005,
    0.07,
    0.08,
    0.09,
    0.1
  ],
  "NODE_192": {
    "COORDINATES": [
      0.75,
      3.025,
      36.0
    ],
    "DISPLACEMENT_X": [
      0.0,
      0.0,
      0.0,
      0.0,
      0.0,
      0.0,
      0.0,
      0.0,
      0.0,
      0.0
    ],
    "DISPLACEMENT_Y": [
      4.017300561791998e-08,
      4.017300561792018e-08,
      4.0173005617920286e-08,
      4.017300561792028e-08,
      4.0173005617920173e-08,
      4.01730056179198e-08,
      4.017300561791996e-08,
      4.0173005617920173e-08,
      4.0173005617920094e-08,
      4.017300561792001e-08
    ],
    "DISPLACEMENT_Z": [
      0.0,
      0.0,
      0.0,
      0.0,
      0.0,
      0.0,
      0.0,
      0.0,
      0.0,
      0.0
    ],
    "VELOCITY_X": [
      0.0,
      0.0,
      0.0,
      0.0,
      0.0,
      0.0,
      0.0,
      0.0,
      0.0,
      0.0
    ],
    "VELOCITY_Y": [
      0.0,
      0.0,
      0.0,
      0.0,
      0.0,
      0.0,
      0.0,
      0.0,
      0.0,
      0.0
    ],
    "VELOCITY_Z": [
      0.0,
      0.0,
      0.0,
      0.0,
      0.0,
      0.0,
      0.0,
      0.0,
      0.0,
      0.0
    ],
    "ACCELERATION_X": [
      0.0,
      0.0,
      0.0,
      0.0,
      0.0,
      0.0,
      0.0,
      0.0,
      0.0,
      0.0
    ],
    "ACCELERATION_Y": [
      0.0,
      0.0,
      0.0,
      0.0,
      0.0,
      0.0,
      0.0,
      0.0,
      0.0,
      0.0
    ],
    "ACCELERATION_Z": [
      0.0,
      0.0,
      0.0,
      0.0,
      0.0,
      0.0,
      0.0,
      0.0,
      0.0,
      0.0
    ]
  },
  "NODE_92": {
    "COORDINATES": [
      0.75,
      3.0,
      36.0
    ],
    "DISPLACEMENT_X": [
      -3.680686281072679e-09,
      -3.6806862810726547e-09,
      -3.6806862810726485e-09,
      -3.680686281072653e-09,
      -3.680686281072665e-09,
      -3.6806862810726738e-09,
      -3.680686281072671e-09,
      -3.6806862810726576e-09,
      -3.680686281072663e-09,
      -3.680686281072671e-09
    ],
    "DISPLACEMENT_Y": [
      3.992082307459814e-08,
      3.992082307459834e-08,
      3.992082307459844e-08,
      3.992082307459844e-08,
      3.992082307459833e-08,
      3.9920823074597964e-08,
      3.992082307459812e-08,
      3.9920823074598334e-08,
      3.9920823074598255e-08,
      3.992082307459817e-08
    ],
    "DISPLACEMENT_Z": [
      9.838518002708335e-09,
      9.838518002708335e-09,
      9.838518002708336e-09,
      9.838518002708343e-09,
      9.838518002708326e-09,
      9.838518002708338e-09,
      9.838518002708363e-09,
      9.838518002708318e-09,
      9.838518002708325e-09,
      9.838518002708328e-09
    ],
    "VELOCITY_X": [
      0.0,
      0.0,
      0.0,
      0.0,
      0.0,
      0.0,
      0.0,
      0.0,
      0.0,
      0.0
    ],
    "VELOCITY_Y": [
      0.0,
      0.0,
      0.0,
      0.0,
      0.0,
      0.0,
      0.0,
      0.0,
      0.0,
      0.0
    ],
    "VELOCITY_Z": [
      0.0,
      0.0,
      0.0,
      0.0,
      0.0,
      0.0,
      0.0,
      0.0,
      0.0,
      0.0
    ],
    "ACCELERATION_X": [
      0.0,
      0.0,
      0.0,
      0.0,
      0.0,
      0.0,
      0.0,
      0.0,
      0.0,
      0.0
    ],
    "ACCELERATION_Y": [
      0.0,
      0.0,
      0.0,
      0.0,
      0.0,
      0.0,
      0.0,
      0.0,
      0.0,
      0.0
    ],
    "ACCELERATION_Z": [
      0.0,
      0.0,
      0.0,
      0.0,
      0.0,
      0.0,
      0.0,
      0.0,
      0.0,
      0.0
    ]
  },
  "NODE_222": {
    "COORDINATES": [
      0.8048780487804872,
      3.0,
      36.0
    ],
    "DISPLACEMENT_X": [
      -3.7497790245385754e-09,
      -3.749779024538549e-09,
      -3.749779024538542e-09,
      -3.749779024538547e-09,
      -3.74977902453856e-09,
      -3.749779024538569e-09,
      -3.749779024538566e-09,
      -3.749779024538552e-09,
      -3.749779024538558e-09,
      -3.749779024538566e-09
    ],
    "DISPLACEMENT_Y": [
      3.6158645012301945e-08,
      3.615864501230213e-08,
      3.615864501230223e-08,
      3.615864501230222e-08,
      3.615864501230212e-08,
      3.615864501230179e-08,
      3.615864501230194e-08,
      3.6158645012302124e-08,
      3.615864501230206e-08,
      3.615864501230198e-08
    ],
    "DISPLACEMENT_Z": [
      1.0532099375451966e-08,
      1.0532099375451964e-08,
      1.0532099375451968e-08,
      1.0532099375451974e-08,
      1.0532099375451956e-08,
      1.0532099375451968e-08,
      1.0532099375451994e-08,
      1.0532099375451948e-08,
      1.0532099375451956e-08,
      1.053209937545196e-08
    ],
    "VELOCITY_X": [
      0.0,
      0.0,
      0.0,
      0.0,
      0.0,
      0.0,
      0.0,
      0.0,
      0.0,
      0.0
    ],
    "VELOCITY_Y": [
      0.0,
      0.0,
      0.0,
      0.0,
      0.0,
      0.0,
      0.0,
      0.0,
      0.0,
      0.0
    ],
    "VELOCITY_Z": [
      0.0,
      0.0,
      0.0,
      0.0,
      0.0,
      0.0,
      0.0,
      0.0,
      0.0,
      0.0
    ],
    "ACCELERATION_X": [
      0.0,
      0.0,
      0.0,
      0.0,
      0.0,
      0.0,
      0.0,
      0.0,
      0.0,
      0.0
    ],
    "ACCELERATION_Y": [
      0.0,
      0.0,
      0.0,
      0.0,
      0.0,
      0.0,
      0.0,
      0.0,
      0.0,
      0.0
    ],
    "ACCELERATION_Z": [
      0.0,
      0.0,
      0.0,
      0.0,
      0.0,
      0.0,
      0.0,
      0.0,
      0.0,
      0.0
    ]
  },
  "NODE_221": {
    "COORDINATES": [
      3.0,
      2.0,
      36.0
    ],
    "DISPLACEMENT_X": [
      -6.16852930890758e-09,
      -6.168529308907569e-09,
      -6.168529308907571e-09,
      -6.1685293089075765e-09,
      -6.1685293089075765e-09,
      -6.168529308907567e-09,
      -6.168529308907576e-09,
      -6.168529308907568e-09,
      -6.168529308907572e-09,
      -6.168529308907572e-09
    ],
    "DISPLACEMENT_Y": [
      -2.1938416437489283e-10,
      -2.1938416437487859e-10,
      -2.1938416437486987e-10,
      -2.1938416437487716e-10,
      -2.1938416437488722e-10,
      -2.1938416437488647e-10,
      -2.1938416437488003e-10,
      -2.1938416437488117e-10,
      -2.193841643748855e-10,
      -2.1938416437488523e-10
    ],
    "DISPLACEMENT_Z": [
      4.1965619187072224e-08,
      4.196561918707215e-08,
      4.196561918707215e-08,
      4.1965619187072164e-08,
      4.196561918707219e-08,
      4.196561918707218e-08,
      4.196561918707222e-08,
      4.1965619187072144e-08,
      4.196561918707216e-08,
      4.196561918707221e-08
    ],
    "VELOCITY_X": [
      0.0,
      0.0,
      0.0,
      0.0,
      0.0,
      0.0,
      0.0,
      0.0,
      0.0,
      0.0
    ],
    "VELOCITY_Y": [
      0.0,
      0.0,
      0.0,
      0.0,
      0.0,
      0.0,
      0.0,
      0.0,
      0.0,
      0.0
    ],
    "VELOCITY_Z": [
      0.0,
      0.0,
      0.0,
      0.0,
      0.0,
      0.0,
      0.0,
      0.0,
      0.0,
      0.0
    ],
    "ACCELERATION_X": [
      0.0,
      0.0,
      0.0,
      0.0,
      0.0,
      0.0,
      0.0,
      0.0,
      0.0,
      0.0
    ],
    "ACCELERATION_Y": [
      0.0,
      0.0,
      0.0,
      0.0,
      0.0,
      0.0,
      0.0,
      0.0,
      0.0,
      0.0
    ],
    "ACCELERATION_Z": [
      0.0,
      0.0,
      0.0,
      0.0,
      0.0,
      0.0,
      0.0,
      0.0,
      0.0,
      0.0
    ]
  }
}